question_id,question,reference_answer,baseline_response,response_time
1,What is a variable in Python?,"A variable is a named container for storing data in a program. In Python, variables are created by assignment without explicit type declaration. For example: name = 'Alice' creates a string variable, age = 25 creates an integer. Python is dynamically typed, meaning the type is determined by the assigned value.","In Python, a variable is a name given to a storage location that holds data values which can be changed during program execution. You can think of it as a container for storing information like numbers, text, or more complex data types. For example:

```python
message = ""Hello, world!""
```

Here, `message` is a variable that stores a string value. Variables allow you to manipulate and use this stored data throughout your program.",19.51438808441162
2,What is the difference between for loop and while loop in Python?,"A for loop iterates over a sequence (list, string, range) and is used when the number of iterations is known. A while loop continues executing as long as a condition is true, suitable when the number of iterations is unknown. For example: for i in range(5) iterates 0-4, while x > 0 loops while x is positive.","In Python, both `for` loops and `while` loops are used to iterate over a block of code repeatedly, but they work in slightly different ways:

1. **For Loop**:
   - Used when you want to iterate over a sequence (like a list, tuple, dictionary, set, or string).
   - The number of iterations is determined by the length of the sequence.
   - Syntax: 
     ```python
     for item in sequence:
         # do something with item
     ```

2. **While Loop**:
   - Used when you want to repeat a block of code until a certain condition becomes false.
   - You need to manually control the iteration process and update the loop variable within the loop body.
   - Syntax:
     ```python
     while condition:
         # do something
     ```

### Example

#### For Loop
```python
fruits = [""apple"", ""banana"", ""cherry""]
for fruit in fruits:
    print(fruit)
```
Output:
```
apple
banana
cherry
```

#### While Loop
```python
i = 0
while i < len(fruits):
    print(fruits[i])
    i += 1
```
Output:
```
apple
banana
cherry
```

The key differences lie in how the loop is controlled and when it should terminate based on the structure of the data being iterated over or a specific condition.",15.861369132995605
3,What is recursion? Please give an example.,"Recursion is a programming technique where a function calls itself. Every recursive function needs: 1) a base case (termination condition) 2) a recursive case (reducing the problem size). For example, factorial: def factorial(n): if n <= 1: return 1; return n * factorial(n-1). factorial(5) = 5 * 4 * 3 * 2 * 1 = 120.","Recursion is a method where the solution to a problem depends on solutions to smaller instances of the same problem. In programming, it involves a function calling itself one or more times in its body.

Example: Let's consider calculating the factorial of a number using recursion.

Factorial of a number n (denoted as n!) is the product of all positive integers less than or equal to n. For instance, 5! = 5 × 4 × 3 × 2 × 1 = 120.

Here’s how you can implement this using a recursive function in Python:

```python
def factorial(n):
    # Base case: if n is 1 or 0, return 1
    if n == 0 or n == 1:
        return 1
    # Recursive case: n * factorial of (n-1)
    else:
        return n * factorial(n-1)

# Example usage
print(factorial(5))  # Output should be 120
```

In this code, `factorial` calls itself with a decremented value of `n` until it reaches the base case (n being 0 or 1), at which point it starts returning values back up the call stack.",14.069891929626465
4,Explain the difference between lists and tuples in Python.,"Lists are mutable sequences created with [] that can be modified (add, remove, change elements). Tuples are immutable sequences created with () that cannot be changed after creation. Lists are suitable for data that needs modification, tuples for fixed data like coordinates (x,y). Tuples can be used as dictionary keys, lists cannot.","In Python, both lists and tuples are used to store collections of items. However, there are key differences between them:

1. **Mutability**:
   - **Lists**: Are mutable, meaning you can change their content without changing their identity.
   - **Tuples**: Are immutable, meaning once a tuple is created, its elements cannot be changed.

2. **Syntax**:
   - **Lists**: Use square brackets `[]` to define a list.
     ```python
     my_list = [1, 2, 3]
     ```
   - **Tuples**: Use parentheses `()` to define a tuple.
     ```python
     my_tuple = (1, 2, 3)
     ```

3. **Performance**:
   - Because tuples are immutable, they are generally faster than lists when it comes to iteration and other operations.

4. **Use Cases**:
   - **Lists**: Best for collections that need to be modified frequently.
   - **Tuples**: Useful for fixed data or as constants, and often used in function arguments where immutability is desired to prevent accidental modification.

5. **Methods**:
   - Lists have many methods like `append()`, `remove()`, `sort()` etc., which allow manipulation of the list.
   - Tuples do not support these methods; if you need to modify the collection, convert it to a list first, perform the modifications, and then convert back to a tuple if needed.

Here’s an example demonstrating mutability:

```python
# List example
my_list = [1, 2, 3]
my_list[0] = 'changed'  # This works fine
print(my_list)  # Output: ['changed', 2, 3]

# Tuple example
my_tuple = (1, 2, 3)
try:
    my_tuple[0] = 'changed'  # This will raise a TypeError
except TypeError as e:
    print(e)  # Output: 'tuple' object does not support item assignment
```

Understanding these differences helps in choosing the appropriate data structure based on your needs.",22.242388010025024
5,What is encapsulation in OOP?,"Encapsulation is the mechanism of bundling data (attributes) and methods that operate on the data together, while hiding internal implementation details. It restricts direct access to internal state through access control (public/private/protected). In Python, _ prefix indicates private, __ prefix triggers name mangling. Encapsulation improves code security and maintainability.","Encapsulation in Object-Oriented Programming (OOP) is the practice of hiding the internal state or details of an object and only allowing access to it through public methods. This helps protect the data from being modified directly, ensuring that changes can be made consistently and safely. Essentially, encapsulation binds the data and the methods that operate on that data within one unit, typically a class, while restricting direct access to some of the object's components.",6.588420629501343
6,How do you handle exceptions in Python?,"Use try-except statements to handle exceptions. Code that might fail goes in the try block, except catches and handles exceptions. Multiple except blocks can handle different exception types. else executes when no exception occurs, finally executes regardless. Example: try: x = 1/0 except ZeroDivisionError: print('Cannot divide by zero').","In Python, you can handle exceptions using the `try`, `except`, and optionally `else` and `finally` blocks.

Here’s a basic structure:

```python
try:
    # Code that might throw an exception
    result = 10 / 0
except ZeroDivisionError as e:
    # Handle specific exception
    print(f""Error: {e}"")
```

### Components:
- **try**: Contains the code block where you suspect an exception could occur.
- **except**: Specifies the type of exception to catch. You can have multiple except blocks to handle different types of exceptions.
- **else** (optional): Executes if no exceptions were raised in the try block.
- **finally** (optional): Always executes, regardless of whether an exception was raised or not.

Example with else and finally:

```python
try:
    result = 10 / 2
except ZeroDivisionError as e:
    print(f""Error: {e}"")
else:
    print(""No errors occurred"")
finally:
    print(""This will always execute."")
```

This way, you can manage how your program responds to potential runtime errors gracefully.",13.111352443695068
7,Explain the principle of binary search algorithm.,"Binary search is an efficient algorithm for finding a target value in a sorted array. It works by comparing the target with the middle element: if target is smaller, search the left half; if larger, search the right half; if equal, found. Each step halves the search range, giving O(log n) time complexity. Requires sorted data.","Binary search works by repeatedly dividing in half the portion of the list that could contain the item, until you've narrowed down the possible locations to just one. Here’s how it operates:

1. **Start with the middle element**: If the target value is equal to the middle element of the array, then you’ve found what you’re looking for.
2. **If the target value is less than the middle element**, repeat the process on the left half of the array.
3. **If the target value is greater than the middle element**, repeat the process on the right half of the array.
4. **Repeat steps 1-3** until the target value is found or the remaining half to be searched is empty.

This method efficiently narrows down the search range, making it very fast, especially for large datasets. Binary search requires the input data to be sorted.",10.421739339828491
8,What is a dictionary comprehension in Python?,"Dictionary comprehension is a concise syntax for creating dictionaries: {key: value for item in iterable}. For example: {x: x**2 for x in range(5)} creates {0:0, 1:1, 2:4, 3:9, 4:16}. You can add conditional filtering: {x: x**2 for x in range(10) if x % 2 == 0} keeps only even numbers.","A dictionary comprehension in Python is a concise way to create dictionaries. It allows you to generate dictionaries from iterables, applying expressions and conditions directly within curly braces `{}`. Here’s a basic example:

```python
# Create a dictionary where keys are numbers 1-5 and values are their squares
squares_dict = {x: x**2 for x in range(1, 6)}
print(squares_dict)  # Output: {1: 1, 2: 4, 3: 9, 4: 16, 5: 25}
```

In this example:
- `x` is the key.
- `x**2` is the value corresponding to each key.
- The loop (`for x in range(1, 6)`) generates the sequence of numbers used as keys.

Dictionary comprehensions can also include conditions to filter elements or modify behavior based on certain criteria. For instance:

```python
# Create a dictionary with even numbers as keys and their cubes as values
cubes_dict = {x: x**3 for x in range(10) if x % 2 == 0}
print(cubes_dict)  # Output: {0: 0, 2: 8, 4: 64, 6: 216, 8: 512}
```

Here, the condition `if x % 2 == 0` ensures only even numbers are included in the resulting dictionary.",16.468899250030518
9,Explain the difference between stack and queue.,"A stack is a Last-In-First-Out (LIFO) structure where operations occur at one end (top): push adds, pop removes. A queue is a First-In-First-Out (FIFO) structure: enqueue at one end, dequeue at the other. Stacks are used for function calls, undo operations; queues for task scheduling, breadth-first search.","Sure! A stack and a queue are both linear data structures used to store collections of elements, but they manage those elements differently:

1. **Stack**:
   - Follows the Last In First Out (LIFO) principle.
   - Think of it like a stack of plates: you can only add or remove plates from the top.
   - Common operations include `push` (to add an element) and `pop` (to remove the most recently added element).

2. **Queue**:
   - Follows the First In First Out (FIFO) principle.
   - Imagine people waiting in line for tickets; the first person in gets served first.
   - Common operations include `enqueue` (to add an element at the end of the queue) and `dequeue` (to remove the element that has been in the queue the longest).

In summary, stacks handle data based on the last-in-first-out rule, while queues follow the first-in-first-out rule.",11.495442628860474
10,What is a decorator in Python? Give an example.,"A decorator is a higher-order function that takes a function as argument and returns a new function, applied with @syntax. It extends function behavior without modifying the original code. Example: def timer(func): def wrapper(*args): start=time.time(); result=func(*args); print(f'Elapsed: {time.time()-start}s'); return result; return wrapper. Use @timer above a function.","A decorator in Python is a design pattern that allows you to modify or enhance the behavior of a function or class without changing its source code. Decorators are specified by prefixing the function with @decorator_name.

Here’s a simple example:

```python
def my_decorator(func):
    def wrapper():
        print(""Something is happening before the function is called."")
        func()
        print(""Something is happening after the function is called."")
    return wrapper

@my_decorator
def say_hello():
    print(""Hello!"")

say_hello()
```

In this example, `my_decorator` is a decorator that adds some functionality (printing messages) around the call to `say_hello`. When `say_hello()` is called, it actually runs the `wrapper` function defined inside `my_decorator`.

Output:
```
Something is happening before the function is called.
Hello!
Something is happening after the function is called.
```",10.803558111190796
11,What is a list comprehension in Python?,List comprehension is a concise syntax for creating lists: [expression for item in iterable if condition]. For example: [x**2 for x in range(10)] generates squares of 0-9. With filtering: [x for x in range(10) if x % 2 == 0] keeps only even numbers. More concise and efficient than traditional for loops.,"A list comprehension in Python is a concise way to create lists. It allows you to generate new lists from iterables like other lists, ranges, or dictionaries. Essentially, it lets you loop over an iterable, perform operations on each item, and create a new list based on the results.

Here’s a basic example:
```python
# Create a list of squares from 0 to 9
squares = [x**2 for x in range(10)]
print(squares)  # Output: [0, 1, 4, 9, 16, 25, 36, 49, 64, 81]
```

In this example, `x**2` is the operation performed on each element `x` in the range from 0 to 9. The result is a new list containing the squares of these numbers.

List comprehensions can also include conditions to filter elements:
```python
# Create a list of even numbers squared from 0 to 9
even_squares = [x**2 for x in range(10) if x % 2 == 0]
print(even_squares)  # Output: [0, 4, 16, 36, 64]
```

This version includes an `if x % 2 == 0` condition that only processes even numbers, resulting in their squares being added to the list.",16.468921422958374
12,Explain deep copy and shallow copy in Python.,"Shallow copy copies the object but not nested objects (references shared). Deep copy recursively copies all nested objects (completely independent). Shallow copy: copy.copy() or slicing [:]. Deep copy: copy.deepcopy(). For immutable objects (int, str), copying has no practical effect. For data structures with nested mutable objects, deep copy ensures true independence.","In Python, both deep copy and shallow copy are ways to duplicate objects, but they differ in how they handle nested structures.

1. **Shallow Copy**:
   - A shallow copy creates a new object that stores the reference of the original elements.
   - Changes made to a nested object in the copied structure will affect the original object because it references the same nested object.
   - You can create a shallow copy using `copy.copy()` from the `copy` module or the `.copy()` method for lists.

   ```python
   import copy

   original_list = [[1, 2], [3, 4]]
   shallow_copied_list = copy.copy(original_list)

   # Modifying a nested element
   shallow_copied_list[0][0] = 'X'
   
   print(original_list)  # Output: [['X', 2], [3, 4]]
   ```

2. **Deep Copy**:
   - A deep copy creates a new object and recursively adds the copies of nested objects found in the original elements.
   - Changes made to a nested object in the copied structure do not affect the original object because each nested object is duplicated.
   - You can create a deep copy using `copy.deepcopy()` from the `copy` module.

   ```python
   import copy

   original_list = [[1, 2], [3, 4]]
   deep_copied_list = copy.deepcopy(original_list)

   # Modifying a nested element
   deep_copied_list[0][0] = 'Y'
   
   print(original_list)  # Output: [[1, 2], [3, 4]]
   ```

In summary, use a shallow copy when you want the copied object to share references with the original (e.g., when dealing with small data), and use a deep copy when you need independent copies including all levels of nested objects.",20.582906246185303
13,What is a hash table? Which Python data structure is based on it?,"A hash table maps keys to array indices via a hash function, achieving O(1) average lookup. Python's dictionary (dict) and set are based on hash tables. Hash collisions are resolved through open addressing. Keys must be hashable (immutable types like int, str, tuple).","A hash table is a data structure that implements an associative array abstract data type, a structure that can map keys to values. A hash table uses a hash function to compute an index into an array of buckets or slots, from which the desired value can be found.

In Python, the `dict` data structure is based on a hash table. This allows for efficient key-value lookups, insertions, and deletions.",6.453862905502319
14,Explain inheritance in OOP.,Inheritance is a mechanism where a subclass acquires attributes and methods from a parent class. Subclasses can override parent methods or add new ones. Python supports multiple inheritance. Syntax: class Child(Parent). The super() function calls parent methods. Inheritance enables code reuse and hierarchical design.,"Inheritance is a fundamental concept in Object-Oriented Programming (OOP) that allows you to create a new class (derived or child class) from an existing class (base or parent class). This mechanism enables the derived class to inherit attributes and methods from the base class, promoting code reuse and hierarchical classification of objects.

Key points about inheritance:

1. **Hierarchical Structure**: Classes form a hierarchy where a derived class inherits properties from a base class.
2. **Polymorphism**: Derived classes can override or extend methods inherited from the base class, allowing for more specific behavior.
3. **Encapsulation**: Inherited data and behaviors are encapsulated within the base class but accessible to its subclasses through proper access modifiers.
4. **Single Inheritance vs Multiple Inheritance**: Some languages support single inheritance (a class can only inherit from one base class), while others support multiple inheritance (a class can inherit from more than one base class).

Example in Python:
```python
class Animal:
    def __init__(self, name):
        self.name = name

    def speak(self):
        raise NotImplementedError(""Subclasses must implement abstract method"")

class Dog(Animal):
    def speak(self):
        return f""{self.name} says Woof!""

class Cat(Animal):
    def speak(self):
        return f""{self.name} says Meow!""

# Usage
dog = Dog(""Buddy"")
cat = Cat(""Whiskers"")

print(dog.speak())  # Outputs: Buddy says Woof!
print(cat.speak())  # Outputs: Whiskers says Meow!
```

Here, `Dog` and `Cat` classes inherit from the `Animal` class, overriding the `speak` method to provide specific implementations.",18.434060096740723
15,What is polymorphism? Give an example.,"Polymorphism means different objects respond differently to the same message. In Python, it's achieved through duck typing—if an object has the required method, it can be called regardless of type. For example: len() works on strings, lists, and dictionaries, each with its own implementation.","Polymorphism is a principle in object-oriented programming that allows objects of different classes to be treated as objects of a common superclass. This means a single interface can represent multiple underlying types.

**Example:**

Consider a class hierarchy for shapes:

```python
class Shape:
    def area(self):
        pass

class Rectangle(Shape):
    def __init__(self, width, height):
        self.width = width
        self.height = height
    
    def area(self):
        return self.width * self.height

class Circle(Shape):
    def __init__(self, radius):
        self.radius = radius
    
    def area(self):
        import math
        return math.pi * (self.radius ** 2)
```

Here, both `Rectangle` and `Circle` inherit from the `Shape` base class and implement the `area()` method. You can create a list of `Shape` objects that includes instances of `Rectangle` and `Circle`. By calling the `area()` method on each object, you get the correct area calculation specific to its type:

```python
shapes = [Rectangle(5, 10), Circle(7)]
for shape in shapes:
    print(shape.area())  # Outputs: 50, then approximately 153.94
```

In this way, the same method name (`area()`) is used for different classes, demonstrating polymorphism.",15.452404737472534
16,What are generators in Python? What are their advantages?,Generators are functions using yield that return a lazily-evaluated iterator. Advantages: 1) memory efficient—don't store all values at once 2) can represent infinite sequences 3) concise code. Example: def gen(): yield 1; yield 2; yield 3. Also generator expressions: (x**2 for x in range(10)).,"In Python, generators are a type of iterable, like lists or tuples. They generate values on-the-fly and do not store them in memory all at once. Instead, they produce items one at a time, which makes them more memory-efficient.

### Key Characteristics:
1. **Yield Keyword**: Generators use the `yield` keyword to produce a sequence of results instead of returning a single value.
2. **Lazy Evaluation**: Values are generated only when needed (i.e., when you loop over the generator).

### Example:
```python
def simple_generator():
    yield 1
    yield 2
    yield 3

gen = simple_generator()
print(next(gen))  # Output: 1
print(next(gen))  # Output: 2
print(next(gen))  # Output: 3
```

### Advantages of Using Generators:

1. **Memory Efficiency**:
   - Since generators produce items on demand, they can handle large sequences without consuming much memory.
   
2. **Simplicity**:
   - Writing a generator is easier than writing a class that supports iteration.
   
3. **Flexibility**:
   - You can pause and resume execution of the function using the `yield` statement, making it useful for tasks that require pausing and resuming, such as asynchronous I/O operations.

4. **Resource Management**:
   - They help manage resources better because data is produced just-in-time rather than being stored in memory.

5. **Combining with Other Iterables**:
   - Generators can be easily combined with other iterators using built-in functions like `map`, `filter`, etc., allowing for elegant and efficient code composition.

### Example with Combining Generators:
```python
def first_n_numbers(n):
    num = 0
    while True:
        yield num
        num += 1

# Limiting the generator to the first 10 numbers
limit = 10
gen = first_n_numbers(limit)
for number in gen:
    print(number)  # Prints 0 through 9
```

Generators are particularly powerful for creating complex pipelines where each step processes an item from the previous step, especially when dealing with large datasets.",22.977409601211548
17,Explain time complexity and space complexity.,"Time complexity describes how execution time grows with input size, using Big-O notation. Common: O(1) constant, O(log n) logarithmic, O(n) linear, O(n²) quadratic. Space complexity describes extra memory needed. Often there's a tradeoff between time and space.","Sure! Time complexity and space complexity are two important concepts in analyzing algorithms.

1. **Time Complexity**: This measures the amount of computational time an algorithm takes to run as a function of the size of its input. It helps us understand how the running time grows with the input size. Common notations include:
   - O(1) for constant time (time does not increase with input size)
   - O(log n) for logarithmic time (time increases slowly with input size)
   - O(n) for linear time (time increases at the same rate as input size)
   - O(n^2) for quadratic time (time increases significantly with input size)

2. **Space Complexity**: This measures the amount of memory or storage space required by an algorithm as a function of the input size. It includes both auxiliary space (extra space used apart from input data) and space used by inputs themselves. Common considerations are:
   - O(1) for constant space (uses fixed, small amount of additional space)
   - O(n) for linear space (space usage scales linearly with input size)

Both complexities help in choosing the most efficient algorithm based on resource constraints like time and memory.",13.328239440917969
18,What is bubble sort? What is its time complexity?,"Bubble sort repeatedly compares adjacent elements and swaps them if out of order. Each pass 'bubbles' the largest element to the end. Time complexity O(n²), space complexity O(1). It's a stable sorting algorithm but inefficient, suitable for small datasets or teaching demonstrations.","Bubble sort is a simple comparison-based sorting algorithm that repeatedly steps through the list to be sorted, compares adjacent elements, and swaps them if they are in the wrong order. The pass through the list is repeated until the list is sorted.

The time complexity of bubble sort is O(n^2) in both average and worst cases, where n is the number of items being sorted. This makes it inefficient on large lists, and generally performs worse than the similar insertion sort.",6.830681800842285
19,Explain lambda functions in Python.,"Lambda is an anonymous function with syntax: lambda arguments: expression. It can only contain a single expression, no statements. Commonly used for simple functions in sorted() key parameter, map(), filter(), etc. Example: square = lambda x: x**2. More concise than def but limited in functionality.","Lambda functions in Python are small anonymous functions defined with the keyword `lambda`. They can take any number of arguments but can only have one expression. Here’s a simple example:

```python
# Lambda function to add two numbers
add = lambda x, y: x + y

print(add(5, 3))  # Output will be 8
```

Key points about lambda functions:
1. **Anonymous**: They don't have a name.
2. **Single Expression**: The function consists of a single expression that is evaluated and returned.
3. **Use Cases**: Often used for short operations like sorting keys or as arguments to higher-order functions (like `map`, `filter`, `sorted`).

Here's another example using `sorted` with a lambda function to sort a list of tuples by their second item:

```python
items = [('apple', 3), ('banana', 2), ('cherry', 1)]
sorted_items = sorted(items, key=lambda x: x[1])
print(sorted_items)  # Output: [('cherry', 1), ('banana', 2), ('apple', 3)]
```

In this case, the lambda function `lambda x: x[1]` extracts the second element of each tuple for comparison during sorting.",14.362258672714233
20,What is a closure? How is it implemented in Python?,"A closure is a function that references free variables from its enclosing scope, retaining access even after the outer function returns. Implemented via nested functions: def outer(x): def inner(): return x; return inner. Closures are used in decorators, callbacks, and function factories. The nonlocal keyword modifies outer variables.","A closure in programming is a function object that has access to variables from its enclosing lexical scope, even when the function is called outside that scope. Essentially, closures allow you to retain access to outer function variables.

In Python, a closure can be created by defining a nested function inside an outer function. The inner function can then refer to variables defined in the outer function, including those within loops if used correctly (considering Python's scoping rules).

Here’s a simple example of how a closure is implemented in Python:

```python
def outer_function(x):
    def inner_function(y):
        return x + y
    return inner_function

# Create a closure
closure = outer_function(10)

# Use the closure
print(closure(5))  # Output: 15
```

In this example:
- `outer_function` takes an argument `x`.
- `inner_function` adds `y` to `x`, where `x` comes from the outer function.
- When `outer_function(10)` is called, it returns `inner_function`. This returned function remembers the value of `x` as 10, creating a closure.
- Calling `closure(5)` uses the remembered value of `x` (which is 10) and adds it to `5`, resulting in `15`.

This shows how the inner function (`inner_function`) retains access to the variable `x` from the outer function (`outer_function`), even after the outer function has finished executing.",16.40074586868286
21,Explain linked lists and their Python implementation.,"A linked list is a linear data structure of nodes, each containing data and a pointer to the next node. Python implementation: class Node: def __init__(self, data): self.data = data; self.next = None. Advantages: O(1) insertion/deletion. Disadvantages: no random access. Variants: singly, doubly, circular linked lists.","A linked list is a linear data structure where each element (node) contains a reference to the next node in the sequence, forming a chain-like link between them. Unlike arrays, which store elements contiguously in memory, linked lists allocate nodes dynamically.

### Key Components of a Node:
- **Data**: The value stored in the node.
- **Next**: A pointer or reference to the next node in the list.

### Types of Linked Lists:
1. **Singly Linked List**: Each node has only one reference (to the next node).
2. **Doubly Linked List**: Each node has two references: one to the next node and another to the previous node.
3. **Circular Linked List**: The last node points back to the first node, creating a circular chain.

### Basic Operations on Linked Lists:
- **Insertion**: Adding a new node to the list.
- **Deletion**: Removing an existing node from the list.
- **Traversal**: Visiting each node in the list sequentially.

### Python Implementation:

Here’s a simple example of implementing a singly linked list in Python:

```python
class Node:
    def __init__(self, data=None):
        self.data = data
        self.next = None

class SinglyLinkedList:
    def __init__(self):
        self.head = None  # Initialize head as None

    def insert_at_beginning(self, data):
        """"""Add a new node at the beginning of the list.""""""
        new_node = Node(data)
        new_node.next = self.head
        self.head = new_node

    def insert_at_end(self, data):
        """"""Add a new node at the end of the list.""""""
        new_node = Node(data)

        if not self.head:
            self.head = new_node
            return

        last = self.head
        while last.next:
            last = last.next

        last.next = new_node

    def delete_node(self, key):
        """"""Delete a node with given key.""""""
        current = self.head
        prev = None

        # If the head itself holds the key to be deleted
        if current and current.data == key:
            self.head = current.next
            current = None
            return

        # Search for the key to be deleted, keep track of the previous node
        while current and current.data != key:
            prev = current
            current = current.next

        # If key was not present in linked list
        if current is None:
            return

        # Unlink the node from linked list
        prev.next = current.next
        current = None

    def print_list(self):
        """"""Print all the elements of the list.""""""
        current = self.head
        while current:
            print(current.data, end="" -> "")
            current = current.next
        print(""None"")

# Example usage:
if __name__ == ""__main__"":
    ll = SinglyLinkedList()
    ll.insert_at_end(1)
    ll.insert_at_end(2)
    ll.insert_at_beginning(0)
    ll.print_list()  # Output: 0 -> 1 -> 2 -> None
    ll.delete_node(1)
    ll.print_list()  # Output: 0 -> 2 -> None
```

This code defines a `Node` class and a `SinglyLinkedList` class that includes methods to insert nodes at the beginning and end, delete a node by key, and print the entire list.",34.50588083267212
22,What is a binary tree? What are its traversal methods?,A binary tree is a tree where each node has at most two children. Traversal methods: 1) Preorder (root-left-right) 2) Inorder (left-root-right) 3) Postorder (left-right-root) 4) Level-order (level by level). Inorder traversal of a BST yields sorted sequence. Can be implemented recursively or iteratively with a stack.,"A binary tree is a hierarchical data structure where each node has at most two children, referred to as the left child and the right child.

Binary trees have several important traversal methods:

1. **Preorder Traversal**: Visit the root first, then traverse the left subtree, and finally the right subtree.
2. **Inorder Traversal**: Traverse the left subtree first, then visit the root, and finally traverse the right subtree. This method is particularly useful for binary search trees as it visits nodes in sorted order.
3. **Postorder Traversal**: Traverse the left subtree, then the right subtree, and finally visit the root.
4. **Level-order Traversal (Breadth-First Search)**: Visit all nodes level by level, starting from the root.

Each of these methods can be implemented recursively or iteratively using stacks or queues.",10.270675420761108
23,Explain the concept of dynamic programming.,"Dynamic programming decomposes complex problems into overlapping subproblems, storing results to avoid redundant computation. Two key properties: 1) optimal substructure 2) overlapping subproblems. Implementation: top-down (memoization) or bottom-up (tabulation). Classic problems: Fibonacci, knapsack, longest common subsequence.","Dynamic programming is a method for solving complex problems by breaking them down into simpler subproblems, solving each subproblem just once, and storing their solutions using a memory-based data structure (like an array or hash table). The key idea is to avoid recomputing the solution when the same subproblem occurs multiple times.

Here are the main components:

1. **Optimal Substructure**: A problem has optimal substructure if the optimal solution can be constructed from optimal solutions of its subproblems.
2. **Overlapping Subproblems**: Problems where the space of possible subproblems is small enough that each subproblem is solved only once, even though many subproblems may be repeated in different contexts.

Dynamic programming often involves creating a table or cache to store results of subproblems so they can be reused. This approach significantly reduces the time complexity compared to other methods like naive recursion, which might solve the same subproblem multiple times.

Examples include:
- Computing Fibonacci numbers efficiently.
- Solving the Knapsack problem.
- Finding the shortest path in a graph with non-negative edge weights (using algorithms like Floyd-Warshall).

By leveraging these techniques, dynamic programming enables efficient solutions to a wide range of computational problems.",13.512412309646606
24,What is a greedy algorithm? How does it differ from dynamic programming?,"Greedy algorithms make locally optimal choices at each step without considering the global picture. Suitable for problems with the greedy choice property. Difference from DP: greedy doesn't backtrack, more efficient but may not find global optimum; DP considers all subproblems, guarantees optimality. Classic greedy: activity selection, Huffman coding, MST.","A greedy algorithm is a problem-solving approach that makes the locally optimal choice at each step with the hope of finding a global optimum. It focuses on making the best choice at the moment without worrying about future consequences.

Dynamic programming, on the other hand, is a method for solving complex problems by breaking them down into simpler subproblems, solving each subproblem just once, and storing their solutions to avoid redundant computation. This often involves using a table or recursive function calls to build up an answer.

Key differences:
1. **Decision-making**: Greedy algorithms make decisions based solely on current information, while dynamic programming considers all possible options and stores results.
2. **Optimality**: Greedy algorithms do not always guarantee the optimal solution; they work well when the problem has the property of ""greediness"" (making local optima leads to global optimality). Dynamic programming generally guarantees an optimal solution if one exists.
3. **Time Complexity**: Greedy algorithms can be faster as they typically have a lower time complexity than dynamic programming approaches.
4. **Space Complexity**: Dynamic programming requires more space due to storing intermediate results, whereas greedy algorithms usually require less space.

In summary, while both techniques aim to solve optimization problems efficiently, they differ in how they construct their solutions and the guarantees they provide regarding optimality.",14.429425716400146
25,What are *args and **kwargs in Python?,"*args captures variable positional arguments as a tuple. **kwargs captures variable keyword arguments as a dictionary. Example: def func(*args, **kwargs): print(args, kwargs). func(1,2,3, a=4,b=5) outputs (1,2,3) {'a':4,'b':5}. Commonly used for function wrapping and flexible parameters.","In Python, `*args` and `**kwargs` are special syntaxes used in function definitions to pass a variable number of arguments to a function.

- `*args`: Allows you to pass a variable number of non-keyworded arguments to your function. The arguments are received as a tuple.

- `**kwargs`: Allows you to pass a variable number of keyworded arguments (i.e., arguments with names). The arguments are received as a dictionary.

Here’s an example:

```python
def my_function(*args, **kwargs):
    print(""Non-keyworded arguments:"", args)
    for key, value in kwargs.items():
        print(f""Keyworded argument {key}: {value}"")

# Calling the function
my_function(1, 2, 3, name=""Alice"", age=25)
```

Output:
```
Non-keyworded arguments: (1, 2, 3)
Keyworded argument name: Alice
Keyworded argument age: 25
```

This way, functions can be more flexible and reusable!",12.545879125595093
26,Explain context managers and the with statement in Python.,"Context managers handle automatic resource acquisition and release. The with statement ensures proper cleanup after use. Implementation: 1) implement __enter__ and __exit__ methods 2) use contextlib.contextmanager decorator. Common uses: file I/O (with open()), database connections, thread locks.","Context managers in Python are used to wrap the execution of a block of code within method calls for setup and teardown. This is typically done using the `with` statement, which ensures that resources are properly managed (e.g., opened and closed) even if an error occurs.

### Key Concepts:

1. **Setup and Teardown**:
   - **Setup**: When you enter the `with` block.
   - **Teardown**: When you exit the `with` block, either normally or due to an exception.

2. **Resource Management**:
   - Context managers help manage resources like file handles, database connections, locks, etc., ensuring they are correctly closed after use.

3. **Syntax**:
   ```python
   with resource as variable:
       # Code block where the resource is used
   ```

### Example: File Handling

```python
# Open a file and ensure it gets closed after the block
with open('example.txt', 'r') as file:
    content = file.read()
    print(content)
```

Here, `open('example.txt', 'r')` is the context manager. The file is automatically closed when exiting the `with` block, even if an error occurs within the block.

### Custom Context Managers

You can create your own context managers by defining a class with `__enter__()` and `__exit__()` methods.

```python
class MyManager:
    def __enter__(self):
        print(""Entering the block"")
        return self  # Return any object to be accessible inside the with block
    
    def __exit__(self, exc_type, exc_val, exc_tb):
        print(""Exiting the block"")
        # Handle exceptions if needed
        
    def do_something(self):
        print(""Doing something"")

with MyManager() as manager:
    manager.do_something()
```

In this example:
- `__enter__()` runs before entering the block and returns an instance of `MyManager`.
- `__exit__()` runs after exiting the block, handling any exceptions that might have occurred.

This structure allows you to manage resources effectively and maintain clean, readable code.",23.03419542312622
27,What is a graph? What are its storage methods?,"A graph consists of vertices and edges, classified as directed or undirected. Storage methods: 1) Adjacency matrix: 2D array, suitable for dense graphs 2) Adjacency list: dict/list, suitable for sparse graphs 3) Edge list: stores all edges. Python implementation uses dict for adjacency lists.","A graph is a non-linear data structure consisting of nodes (vertices) connected by edges. It's used to model relationships between objects or entities.

Graphs can be stored in several ways, but two common methods are:

1. **Adjacency Matrix**: This method uses a 2D array where the rows and columns represent vertices. The value at `matrix[i][j]` indicates whether there is an edge from vertex `i` to vertex `j`. For weighted graphs, the values store weights instead of binary presence/absence.

2. **Adjacency List**: In this method, each vertex has a list that contains all of its neighboring vertices. This is more space-efficient for sparse graphs compared to the adjacency matrix, as it only stores actual connections rather than a full grid.

Both methods have their pros and cons depending on the specific requirements of the application.",10.464020729064941
28,Explain the difference between BFS and DFS.,"BFS (Breadth-First Search) uses a queue, explores level by level, finds shortest paths. DFS (Depth-First Search) uses a stack (or recursion), goes deep before backtracking. Both have O(V) space complexity. BFS is ideal for shortest paths; DFS for connectivity detection, topological sorting.","BFS (Breadth-First Search) and DFS (Depth-First Search) are both algorithms used for traversing or searching tree or graph data structures.

**BFS:**
- **Approach:** Explores all nodes at the present depth level before moving on to nodes at the next depth level.
- **Traversal Order:** Processes nodes level by level, from top to bottom.
- **Use Case:** Useful for finding the shortest path in an unweighted graph.
- **Data Structure Used:** Queue

**DFS:**
- **Approach:** Goes as deep as possible into the graph before backtracking.
- **Traversal Order:** Moves deeply into one branch of the graph before exploring other branches.
- **Use Case:** Can be used for topological sorting, detecting cycles, and generating mazes.
- **Data Structure Used:** Stack (or recursion)

In summary, BFS is like exploring a forest level by level, while DFS dives deeply into each branch before coming back up.",11.646421194076538
29,What are dunder methods (magic methods) in Python?,"Magic methods are special methods with double underscores, automatically called by Python for specific operations. Common: __init__ (constructor), __str__ (string representation), __len__ (length), __getitem__ (index access), __add__ (addition), __eq__ (equality). Implementing magic methods customizes class behavior.","Dunder methods, short for ""double underscore"" methods, are special methods in Python that you can define in your classes to add functionality that is triggered by operators or other built-in functions. They start and end with double underscores, like `__init__` or `__add__`.

For example:
- `__init__` is called when an object is created from a class and is used for initialization.
- `__add__` defines behavior for the `+` operator.

Here’s a simple example:

```python
class Vector2D:
    def __init__(self, x, y):
        self.x = x
        self.y = y
    
    def __add__(self, other):
        return Vector2D(self.x + other.x, self.y + other.y)

v1 = Vector2D(1, 2)
v2 = Vector2D(3, 4)
v3 = v1 + v2

print(v3.x, v3.y)  # Output: 4 6
```

In this example, `__add__` allows two `Vector2D` objects to be added together using the `+` operator.

These methods allow you to customize the behavior of standard operations on instances of your class, making them very powerful tools in Python programming!",14.537166595458984
30,Explain GIL (Global Interpreter Lock) in Python.,GIL is CPython's global lock ensuring only one thread executes Python bytecode at a time. This limits multi-threading parallelism for CPU-bound tasks. Solutions: 1) multiprocessing 2) C extensions 3) alternative implementations. IO-bound tasks still benefit from multi-threading.,"The Global Interpreter Lock, or GIL, is a mechanism used in Python to synchronize access to Python objects, preventing multiple native threads from executing Python bytecodes at once. This ensures that only one thread executes Python code at any given time, even on multi-core systems.

The primary reasons for having the GIL include:

1. **Simplicity**: It simplifies the implementation of Python’s memory management by avoiding the need to handle complex issues like memory allocation and deallocation across threads.
2. **C Extension Compatibility**: Many C extensions that interact with Python objects expect them to be accessed serially. The GIL ensures this by serializing access to these objects.
3. **Historical Reasons**: When Python was first developed, CPUs were not as powerful, and the overhead of managing multiple threads outweighed the benefits. The GIL has been kept for backward compatibility.

However, the GIL can also have downsides:
- **Multi-threading Performance**: Pure Python code doesn’t benefit from true parallel execution because only one thread runs at a time. CPU-bound tasks may actually run slower due to context switching.
- **I/O-Bound Tasks**: In I/O-bound applications where threads spend most of their time waiting for I/O operations, the GIL is less problematic since other threads can proceed while waiting.

To overcome some of these limitations, you might use:
- **Multiprocessing**: Instead of threading, use processes which are not constrained by the GIL.
- **Cython**: Rewrite performance-critical sections in Cython, which allows you to release the GIL within those parts.
- **NumPy/SciPy**: These libraries manage their own locking mechanisms to allow efficient multithreading without the GIL.

Understanding the GIL helps in optimizing Python programs, especially when dealing with CPU-intensive tasks.",19.02723455429077
31,What is quicksort? What is its average time complexity?,"Quicksort selects a pivot, partitions the array into elements smaller and larger than the pivot, then recursively sorts. Average time complexity O(n log n), worst O(n²) for sorted arrays. Optimizations: random pivot, median-of-three. Unstable sort. Often the best general-purpose sorting algorithm in practice.","Quicksort is a highly efficient sorting algorithm that follows the divide-and-conquer principle. It works by selecting a 'pivot' element from the array and partitioning the other elements into two sub-arrays, according to whether they are less than or greater than the pivot. The sub-arrays are then sorted recursively.

The average time complexity of quicksort is O(n log n), where n is the number of items being sorted. This makes it very efficient on large lists and typically performs better in practice than other O(n log n) algorithms like merge sort.",7.704837083816528
32,What are the characteristics of Python sets?,"Sets are unordered collections of unique elements, implemented with hash tables. Characteristics: 1) unique elements 2) mutable (frozenset is immutable) 3) support set operations (union |, intersection &, difference -) 4) O(1) lookup. Used for deduplication, membership testing, mathematical set operations. Elements must be hashable.","Python sets have several key characteristics:

1. **Unordered**: The elements in a set do not maintain any specific order.
2. **Mutable**: You can add or remove items from a set after its creation.
3. **Unique Elements Only**: A set cannot contain duplicate values; each element must be unique.
4. **No Indexing**: Since sets are unordered, you cannot access their elements by index like you would with a list or tuple.
5. **Fast Membership Testing**: Checking if an item is in a set is very fast (average time complexity O(1)).
6. **Set Operations**: Sets support operations like union, intersection, difference, and symmetric difference, which can be performed using methods or operators.

These features make sets useful for tasks such as removing duplicates from a list, performing mathematical set operations, and checking membership efficiently.",10.280295848846436
33,Explain regular expressions in Python.,"Regular expressions are patterns for matching text. Python's re module provides support. Common methods: re.match() matches from start, re.search() searches anywhere, re.findall() finds all matches, re.sub() replaces. Common patterns: . any char, * zero or more, + one or more, \d digit, \w alphanumeric, [] character set, () group.","Regular expressions in Python are patterns used to match character combinations in strings. They are defined using a specialized syntax in Python, which can be accessed through the `re` module.

Here’s a brief overview of how to use regular expressions in Python:

1. **Importing the Module**: First, you need to import the `re` module.
   ```python
   import re
   ```

2. **Basic Pattern Matching**:
   - To search for a pattern within a string, you can use `re.search()`.
     ```python
     result = re.search(r'hello', 'hello world')
     print(result)  # Returns a match object if found
     ```
   - `r''` is used for raw strings to avoid issues with backslashes.

3. **Pattern Syntax**:
   - `\d`: Matches any digit (0-9).
   - `\w`: Matches any alphanumeric character (equivalent to [a-zA-Z0-9_]).
   - `\s`: Matches any whitespace character.
   - `.`: Matches any single character except newline.
   - `*`: Matches zero or more occurrences of the preceding element.
   - `+`: Matches one or more occurrences of the preceding element.
   - `?`: Matches zero or one occurrence of the preceding element.
   - `{n}`: Matches exactly n occurrences of the preceding element.
   - `{n,}`: Matches at least n occurrences of the preceding element.
   - `{n,m}`: Matches from n to m occurrences of the preceding element.

4. **Example Usage**:
   ```python
   text = ""The price is 5 dollars.""
   # Find all digits in the string
   matches = re.findall(r'\d+', text)
   print(matches)  # Output: ['5']

   # Replace numbers with their word form
   new_text = re.sub(r'\b\d+\b', lambda x: str(int(x.group())), text)
   print(new_text)  # Output: The price is five dollars.
   ```

5. **Grouping and Capturing**:
   - Parentheses `( )` create groups.
     ```python
     result = re.search(r'(\d+) dollars', 'The price is 5 dollars.')
     print(result.group(1))  # Output: 5
     ```

6. **Flags**:
   - Flags like `re.IGNORECASE`, `re.MULTILINE`, etc., modify the behavior of matching.
     ```python
     result = re.search(r'^Hello', 'Hello World!', flags=re.IGNORECASE)
     print(result)  # Output: <re.Match object; span=(0, 5), match='Hello'>
     ```

Regular expressions provide a powerful way to manipulate and extract information from text data in Python.",28.473103761672974
34,What are iterators and iterables?,"An iterable implements __iter__ method, returning an iterator. An iterator implements __next__ method, returning elements one at a time. For loops call __iter__ to get an iterator, then repeatedly call __next__. Lists, strings, dicts are iterables. Generators are special iterators. StopIteration signals end.","Iterators and iterables are key concepts in Python that allow you to work with sequences of data in a flexible way.

**Iterable:**
- An iterable is an object capable of returning its members one at a time.
- It can be converted into an iterator using `iter()`.
- Examples include lists, strings, dictionaries, sets, and custom objects that implement the `__iter__()` method.

**Iterator:**
- An iterator is an object that implements the iterator protocol (methods `__iter__()` and `__next__()`).
- You can traverse through all the items of an iterable by using an iterator.
- Iterators provide lazy evaluation and help save memory when dealing with large datasets.

Key differences:
- An iterable is something that can be iterated over but does not have a built-in mechanism for doing so.
- An iterator is used for iterating over an iterable and provides a way to access elements sequentially.

Example:
```python
# List as an iterable
numbers = [1, 2, 3]
it = iter(numbers)  # Convert list to an iterator

# Using iterator to get values
print(next(it))  # Output: 1
print(next(it))  # Output: 2
```

In summary, iterables are objects that support iteration, while iterators are the actual objects that perform the iteration process.",15.028310537338257
35,Explain abstract classes and interfaces in OOP.,"Abstract classes cannot be instantiated, defining interfaces that subclasses must implement. In Python, use abc module's ABCMeta and @abstractmethod. An interface is a purely abstract class with only method signatures. Python has no formal interface syntax but uses abstract classes. Abstract classes can have concrete methods and attributes.","In Object-Oriented Programming (OOP), both abstract classes and interfaces are used to achieve abstraction, but they do so in different ways.

### Abstract Classes

An **abstract class** is a class that cannot be instantiated on its own and must be inherited by other classes. It can contain both implemented methods (methods with body) and abstract methods (methods without a body, declared only with a signature). The purpose of an abstract class is to provide a common base for subclasses that share some behavior or state.

- **Key Characteristics:**
  - Cannot be instantiated.
  - Can have both concrete (implemented) and abstract methods.
  - Subclasses must implement all abstract methods unless the subclass itself is also marked as `abstract`.

Example:
```java
public abstract class Animal {
    public abstract void makeSound();

    public void breathe() {
        System.out.println(""Breathing..."");
    }
}
```

### Interfaces

An **interface** is a completely abstract type that contains only constants and abstract methods (from Java 8 onwards, it can also include default and static methods). An interface defines a contract that implementing classes must follow. A class can implement multiple interfaces, allowing for more flexible and modular code design.

- **Key Characteristics:**
  - Contains only method signatures (no implementation).
  - Multiple inheritance through interfaces (a class can implement multiple interfaces).
  - Default methods allow providing implementation hints while still enforcing the contract.
  - Static methods can be defined to provide utility functions related to the interface.

Example:
```java
public interface Movable {
    void move();
    default void stop() {
        System.out.println(""Stopping..."");
    }
}
```

### Key Differences

1. **Implementation**: Abstract classes can have partial implementations, whereas interfaces require complete implementation from implementing classes.
2. **Multiple Inheritance**: Classes can extend one abstract class but can implement multiple interfaces.
3. **Flexibility**: Interfaces offer more flexibility due to multiple inheritance and the introduction of default/static methods in newer versions of Java.

Both tools help in designing robust and maintainable software systems by promoting encapsulation, polymorphism, and abstraction principles.",22.060149908065796
36,What is the Singleton pattern? How to implement it in Python?,Singleton ensures a class has only one instance. Python implementations: 1) override __new__ method 2) use decorators 3) use modules (modules are singletons) 4) use metaclasses. Simplest approach: check if instance exists in __new__ before creating a new one.,"The Singleton pattern ensures that a class has only one instance and provides a global point of access to it.

### Implementation in Python:

Here’s a simple way to implement the Singleton pattern using a decorator or by defining a metaclass (both methods achieve the same result):

#### Using a Decorator

```python
def singleton(cls):
    instances = {}
    def get_instance(*args, **kwargs):
        if cls not in instances:
            instances[cls] = cls(*args, **kwargs)
        return instances[cls]
    return get_instance

@singleton
class MySingletonClass:
    def __init__(self):
        self.value = ""This is my value""

# Usage
instance1 = MySingletonClass()
instance2 = MySingletonClass()

print(instance1 == instance2)  # True
```

#### Using a Metaclass

```python
class Singleton(type):
    _instances = {}
    def __call__(cls, *args, **kwargs):
        if cls not in cls._instances:
            cls._instances[cls] = super().__call__(*args, **kwargs)
        return cls._instances[cls]

class MySingletonClass(metaclass=Singleton):
    def __init__(self):
        self.value = ""This is my value""

# Usage
instance1 = MySingletonClass()
instance2 = MySingletonClass()

print(instance1 == instance2)  # True
```

Both implementations ensure that `MySingletonClass` can only have one instance across your entire application. The choice between them often comes down to personal preference and project requirements.",16.936490297317505
37,Explain multi-threading and multi-processing in Python.,"Multi-threading: threading module, shared memory, limited by GIL, suitable for IO-bound tasks. Multi-processing: multiprocessing module, separate memory, bypasses GIL, suitable for CPU-bound tasks. Thread communication uses Queue, Event, Lock. Process communication uses Queue, Pipe, shared memory. concurrent.futures provides high-level interfaces.","Sure! In Python, both multi-threading and multi-processing allow you to run tasks concurrently, but they do so in different ways:

### Multi-Threading

- **Definition**: Multi-threading involves running multiple threads within the same process.
- **How it works**: Threads share the same memory space, which makes communication between them faster than inter-process communication (IPC).
- **Limitation**: Due to Global Interpreter Lock (GIL), only one thread can execute at a time in a single process on a multi-core system. This means that multi-threading is not very effective for CPU-bound tasks (tasks that require heavy computation).
- **Use Case**: Ideal for I/O-bound tasks or GUI applications where waiting for user input or network responses is common.

Example:
```python
import threading

def print_numbers():
    for i in range(10):
        print(i)

t1 = threading.Thread(target=print_numbers)
t2 = threading.Thread(target=print_numbers)

t1.start()
t2.start()

t1.join()
t2.join()
```

### Multi-Processing

- **Definition**: Multi-processing involves running multiple processes, each with its own memory space.
- **How it works**: Processes communicate via IPC mechanisms like pipes, queues, or shared memory. Since each process has its own memory space, GIL does not apply here.
- **Advantage**: Better suited for CPU-bound tasks as each process can use a separate core.
- **Complexity**: Managing multiple processes is more complex due to IPC overhead.

Example:
```python
from multiprocessing import Process

def print_numbers():
    for i in range(10):
        print(i)

p1 = Process(target=print_numbers)
p2 = Process(target=print_numbers)

p1.start()
p2.start()

p1.join()
p2.join()
```

In summary, use multi-threading for I/O-bound tasks and when simplicity is preferred, and use multi-processing for CPU-bound tasks to fully utilize multi-core systems.",20.885130167007446
38,What is a database index? Why does it speed up queries?,"An index is a sorted data structure (usually B+ tree) on one or more table columns. It enables fast data location, avoiding full table scans. Reduces time complexity from O(n) to O(log n). Tradeoffs: extra storage, slower writes. Should be created on frequently queried columns with large data volumes.","A database index is like an alphabetical listing in the back of a book that helps you find specific information quickly without having to read through every page. In databases, indexes are data structures that store information about the location of the rows in a table.

Indexes speed up queries by reducing the amount of data the database needs to scan. Without an index, a query might need to search through all records to find the relevant ones—imagine looking for a specific word in a long, unsorted list. With an index, the database can quickly locate where the data is stored, similar to how a name in an index leads you directly to the section of a book.

For example, if you have a large table with millions of records and you want to find all entries from a specific date, using an index on the date column allows the database to pinpoint the exact area containing those records much faster than scanning each row one by one. This makes querying more efficient and speeds up the overall performance of your database operations.",11.629259824752808
39,Explain type hints (type annotations) in Python.,"Type hints add type information to variables, function parameters, and return values. Example: def add(x: int, y: int) -> int: return x + y. Python doesn't enforce types but tools like mypy can check statically. Benefits: improved readability, better IDE support, fewer type errors. typing module provides complex types like List, Dict, Optional.","Type hints, also known as type annotations, in Python are a way to specify the expected types of function arguments and return values. They were introduced starting from Python 3.5 with the `typing` module.

### Key Points:

1. **Syntax**:
   - You use the syntax `variable_name: type` or `def function_name(arg1: type1, arg2: type2) -> return_type:`.
   
2. **Example**:
   ```python
   def greet(name: str) -> str:
       return f""Hello, {name}!""
   ```

3. **Purpose**:
   - Improve code readability by making it clear what data types should be used for variables and parameters.
   - Enable static type checkers like `mypy`, which can catch type-related errors before runtime.
   - Provide better IDE support for autocompletion and documentation generation.

4. **Types**:
   - Basic types: `int`, `float`, `str`, `bool`.
   - Collections: `list`, `tuple`, `dict`, `set`.
   - Custom classes.
   - Specialized types from the `typing` module: `List`, `Dict`, `Optional`, etc.

5. **Benefits**:
   - Better tooling support.
   - Catch some bugs at development time rather than runtime.
   - More readable code.

6. **Usage without Type Checking**:
   - Type hints do not affect how your code runs; they are ignored during execution.
   - They primarily serve to provide information to tools like linters, IDEs, and static analyzers.

### Example with Advanced Types:

```python
from typing import List, Tuple

def process_data(data: List[Tuple[int, float]]) -> None:
    for id, value in data:
        print(f""ID: {id}, Value: {value}"")
```

In this example, `data` is expected to be a list of tuples where each tuple contains an integer followed by a float.

Type hints are optional but highly recommended for large projects or when working on shared codebases.",21.93420934677124
40,What is HTTP protocol? What are the common HTTP methods?,"HTTP (HyperText Transfer Protocol) is for client-server communication. Common methods: GET (retrieve), POST (submit), PUT (update), DELETE (remove), PATCH (partial update). HTTP is stateless; cookies/sessions maintain state. Status codes: 200 success, 404 not found, 500 server error.","HTTP (Hypertext Transfer Protocol) is a protocol used to transfer data over the web. It defines how messages are formatted and transmitted, and what actions Web servers and browsers should take in response to various commands.

The common HTTP methods include:

1. **GET**: Requests a representation of the specified resource. Request parameters and metadata may be appended to the URL.
2. **POST**: Submits an entity to the specified resource, often causing a change in state or side effects on the server.
3. **PUT**: Replaces all current representations of the target resource with the request payload.
4. **DELETE**: Deletes the specified resource.
5. **HEAD**: Similar to GET but without the response body; it's used to check if a resource exists and has not changed since the last request.
6. **OPTIONS**: Returns the HTTP methods that the server supports for the target resource.
7. **PATCH**: Applies partial modifications to a resource.

These methods help define the interaction between clients (like web browsers or mobile apps) and servers when fetching or sending information over the internet.",12.419933080673218
41,Explain RESTful API design principles.,"REST is an API design style: 1) resources represented by URIs 2) operations via HTTP methods 3) stateless 4) uniform interface 5) layered system. RESTful APIs use JSON for data transfer. Design guidelines: plural nouns, nested resources, versioning, appropriate HTTP status codes.","RESTful API (Representational State Transfer) design principles focus on creating web services that follow constraints of REST architecture. Here are the key principles:

1. **Client-Server**: Separation of concerns between client and server. The client requests resources from the server using standard methods, while the server responds with standardized responses.

2. **Stateless**: Each request from client to server must contain all the information needed to understand and complete the request. The server does not store any session state.

3. **Cacheable**: Responses can be labeled as cacheable or non-cacheable so that clients can use cached versions instead of requesting fresh ones when appropriate.

4. **Uniform Interface**: Standardize the interface for accessing data through a consistent set of operations like GET (retrieve), POST (create), PUT (update), DELETE (delete). This includes resource identification in URLs, representation of resources as data, self-descriptive messages, and hypermedia as the engine of application state (HATEOAS).

5. **Layered System**: Components of the system should be able to communicate with each other without knowing details about underlying layers. This allows for load balancing, caching, and proxy servers.

6. **Code on Demand** (optional): Servers can transfer small code fragments to clients if needed, allowing more complex applications to be built over simple interfaces.

Following these principles helps create efficient, scalable, and manageable APIs.",15.303314208984375
42,What is Git? What are its common commands?,"Git is a distributed version control system. Common commands: git init (initialize), git add (stage), git commit (commit), git push (push), git pull (pull), git branch (branch), git checkout (switch), git merge (merge), git log (history), git status (status). Branch management is Git's core advantage.","Git is a distributed version control system that helps developers track changes in computer files and collaborate on software development projects.

Some common Git commands include:

1. **git clone**: Copies an existing repository to your local machine.
2. **git pull**: Fetches the latest updates from a remote repository and merges them into your current branch.
3. **git push**: Sends local commits to a remote repository.
4. **git add**: Adds changes (files) in the working directory to the staging area.
5. **git commit**: Saves the contents of the staging area as a new snapshot in history.
6. **git status**: Shows the state of the working directory and staging area.
7. **git branch**: Lists, creates, or deletes branches.
8. **git checkout**: Switches branches or restores working tree files.
9. **git merge**: Combines two or more development histories into one timeline.
10. **git log**: Displays the commit history.

These commands cover the basics of using Git for version control.",11.887742757797241
43,Explain asyncio asynchronous programming in Python.,"asyncio is Python's async IO framework. Core concepts: coroutines (async def), event loop (asyncio.run()), await for async operations. Ideal for IO-bound tasks like network requests, file I/O. async/await syntax makes async code look synchronous. Libraries: aiohttp, aiomysql.","Asynchronous programming with `asyncio` in Python allows you to write non-blocking code that can perform other tasks while waiting for I/O operations, such as network requests or file reading, to complete. This is particularly useful for writing efficient programs that need to handle many simultaneous connections.

### Key Concepts:

1. **Async Functions**:
   - These are defined using the `async def` syntax.
   - They return an `awaitable`, which is essentially a future object representing something that will be computed at some point in the future.

2. **Await Expressions**:
   - Used inside async functions to pause execution until a value is available from another awaitable (e.g., a coroutine).
   - The function resumes where it left off when the awaited task completes.

3. **Event Loop**:
   - Manages the scheduling of coroutines and ensures they run in a cooperative multitasking manner.
   - It runs the program by continuously running each task until it hits an `await` expression, then moves on to the next one.

4. **Coroutines**:
   - Functions that can be paused and resumed.
   - They are created with `async def`.

5. **Tasks**:
   - A Task wraps a coroutine and schedules its execution within the event loop.
   - You create a Task using `loop.create_task()` or `asyncio.create_task()`.

6. **Awaitables**:
   - Anything that can be used in an `await` expression, like coroutines, futures, etc.

### Example Code:

```python
import asyncio

# Define an async function
async def fetch_data():
    print(""Start fetching"")
    await asyncio.sleep(2)  # Simulate an IO operation
    print(""Done fetching"")
    return {'data': 1}

# Another async function
async def print_numbers():
    for i in range(10):
        print(i)
        await asyncio.sleep(0.25)

# Main entry point
async def main():
    # Schedule both coroutines to run concurrently
    task1 = asyncio.create_task(fetch_data())
    task2 = asyncio.create_task(print_numbers())

    # Wait for all scheduled tasks to complete
    value = await task1
    print(value)
    await task2

# Run the main function
asyncio.run(main())
```

### Explanation:

- `fetch_data` simulates an I/O-bound task with `asyncio.sleep`.
- `print_numbers` prints numbers with short delays.
- Both coroutines (`fetch_data` and `print_numbers`) are scheduled to run concurrently using `create_task`.
- `main` waits for both tasks to finish before exiting.

This example demonstrates how `asyncio` enables concurrent execution without blocking the event loop.",27.940733432769775
44,What are design patterns? Name three common ones.,"Design patterns are reusable solutions to common software design problems. Three common: 1) Singleton: ensures one instance per class 2) Observer: one-to-many dependency, notifies all observers on state change 3) Factory: interface for creating objects, subclasses decide which to instantiate. Categories: creational, structural, behavioral.","Design patterns are standardized solutions to commonly occurring problems in software design. They provide a template for solving specific issues that developers frequently encounter, which helps in creating more maintainable, flexible, and efficient code.

Three common design patterns include:

1. **Singleton Pattern**: Ensures that a class has only one instance and provides a global point of access to it.
2. **Observer Pattern**: Defines a dependency between objects so that when one object changes state, all its dependents are notified and updated automatically.
3. **Factory Method Pattern**: Provides an interface for creating objects in a superclass but allows subclasses to alter the type of objects that will be created.",8.404293298721313
45,What is a dataclass in Python?,"dataclass is a decorator introduced in Python 3.7 that auto-generates __init__, __repr__, __eq__ etc. for data-storing classes. Defined with @dataclass decorator. Supports default values and type annotations. More concise than manual data classes, more flexible than namedtuple.","A `dataclass` in Python is a decorator that automatically adds special methods like `__init__()`, `__repr__()`, and others to user-defined classes, making it easier to create and work with simple data structures. It simplifies the process of defining classes whose primary purpose is storing data.

Here’s an example:

```python
from dataclasses import dataclass

@dataclass
class Person:
    name: str
    age: int
```

In this example, `Person` has two fields: `name` and `age`. The `dataclass` decorator automatically generates the necessary `__init__()` method for initializing these fields and a `__repr__()` method for representing the object as a string.

Key features of `dataclasses` include:
- Automatic generation of special methods.
- Support for field metadata (like default values, type hints).
- Flexibility to customize generated methods if needed.

This makes `dataclasses` particularly useful for creating lightweight, data-carrying classes without having to manually write boilerplate code.",12.138604640960693
46,Explain merge sort's principle and complexity.,"Merge sort uses divide-and-conquer: split array in half, recursively sort, then merge. Merging compares elements from both halves, placing them in order. Time complexity O(n log n) for all cases (best, worst, average), space complexity O(n). Stable sort. Suitable for linked list sorting and external sorting.","Merge sort is a divide-and-conquer algorithm that works by recursively dividing the list into two halves until each sublist contains a single element, and then merging those sublists in a sorted manner.

### Principle:
1. **Divide**: The list is divided into two halves.
2. **Conquer**: Each half is sorted recursively using the same process.
3. **Combine**: The sorted halves are merged back together to form a single sorted list.

The key steps involve:
- Splitting the array into two halves.
- Recursively sorting both halves.
- Merging the two sorted halves back into one sorted array.

### Complexity:
- **Time Complexity**:
  - Best Case: \(O(n \log n)\)
  - Average Case: \(O(n \log n)\)
  - Worst Case: \(O(n \log n)\)

- **Space Complexity**:
  - \(O(n)\) due to the additional space required for the temporary arrays used during the merge step.

This makes merge sort efficient and stable (it preserves the relative order of equal elements), though it uses more auxiliary space compared to some other sorting algorithms like quicksort or heapsort.",13.260660886764526
47,What is a hash collision? How to resolve it?,"Hash collision occurs when different keys map to the same index. Resolution methods: 1) Chaining: each slot holds a linked list 2) Open addressing: probe next empty slot on collision (linear, quadratic, double hashing) 3) Rehashing. Python dicts use open addressing. Good hash functions should distribute uniformly and compute quickly.","A hash collision occurs when two different pieces of data produce the same hash value, which is an issue because it can lead to incorrect data retrieval.

To resolve hash collisions:

1. **Chaining**: Store multiple items that hash to the same index in a linked list or another data structure at that index.
2. **Open Addressing**: When a collision happens, search for the next available slot within the hash table. Common methods include linear probing (checking the next slot), quadratic probing (checking slots further away using a quadratic function), and double hashing (using a second hash function).

These techniques help manage and mitigate the effects of hash collisions effectively.",8.380128383636475
48,What is the difference between coroutines and threads in Python?,"Coroutines are lightweight user-space threads with cooperative scheduling, no OS involvement. Threads are OS-scheduled preemptive concurrent units. Coroutines have low switching overhead, no locks, ideal for IO-bound tasks. Threads have GIL limitations, require locking mechanisms. Coroutines use async/await, threads use threading module.","Coroutines and threads in Python serve similar purposes of running multiple tasks concurrently, but they operate differently:

1. **Threads**:
   - Run simultaneously within the same process.
   - Share the same memory space.
   - Are managed by the operating system.
   - Can be created using `threading.Thread` from the `threading` module.
   - Useful for I/O-bound and CPU-bound tasks that require parallel execution.

2. **Coroutines**:
   - Run sequentially within the same thread.
   - Have their own state machine.
   - Are lightweight compared to threads (no OS-level overhead).
   - Created using functions with `async def` and run using `await` inside an `asyncio` context.
   - Ideal for I/O-bound tasks where you want efficient handling of many simultaneous operations without the overhead of threading.

In summary, use threads when you need true parallelism across multiple CPU cores or for blocking I/O operations. Use coroutines when you need non-blocking behavior and efficiency in managing multiple asynchronous tasks within a single thread.",12.25362491607666
49,Explain metaclasses in Python.,"A metaclass is a class that creates classes. type is Python's built-in metaclass. Custom metaclasses control class creation. Syntax: class Foo(metaclass=MyMeta). Common uses: auto-register subclasses, validate class attributes, modify class definitions. Metaclasses are advanced features that should be used judiciously.","Metaclasses in Python are a way to customize class creation. Essentially, a metaclass is a class of a class that defines how a class behaves. Here’s a simple breakdown:

1. **What is a Metaclass?**:
   - A metaclass in Python is a class that creates and controls classes, just like a class creates and controls instances.
   - You can think of it as a ""class factory.""

2. **How Do They Work?**:
   - When you define a class, Python uses a metaclass to create the class object.
   - By default, every user-defined class in Python is created using the `type` metaclass.

3. **Defining a Metaclass**:
   - To define your own metaclass, you subclass `type`.
   - The metaclass can be specified by passing the name, bases (parent classes), and attributes (dict) to the `type` function or by setting the `__metaclass__` attribute in Python 2.x or `__module__` and `__qualname__` in Python 3.x.

4. **Example**:
   ```python
   class MyMeta(type):
       def __new__(cls, name, bases, dct):
           print(f""Creating class {name}"")
           return super().__new__(cls, name, bases, dct)
   
   class MyClass(metaclass=MyMeta):
       pass

   # Output: Creating class MyClass
   ```

5. **Use Cases**:
   - **Logging**: Automatically log when a class is defined.
   - **Validation**: Validate class definitions before they are created.
   - **Enhancements**: Add common functionality to all classes derived from a specific base class without modifying them individually.

6. **Dynamic Behavior**:
   - Metaclasses allow for dynamic behavior at the class definition time, which can be very powerful but also complex.

Understanding metaclasses is not necessary for everyday Python programming, but they provide a deep level of control over class creation and can be useful for advanced applications.",21.636276960372925
50,What is Docker? What problem does it solve?,"Docker is a containerization platform that packages applications and dependencies into lightweight containers. It solves the 'works on my machine' problem. Core concepts: images (read-only templates), containers (running instances), Dockerfile (build script), Docker Compose (multi-container orchestration). Benefits: environment consistency, fast deployment, resource isolation.","Docker is an open-source platform that allows you to package, ship, and run applications in containers. Containers are lightweight, portable, and self-sufficient runtime environments that isolate software from its underlying infrastructure.

**What problems does Docker solve?**

1. **Consistency**: Ensures that applications run consistently across different development, testing, and production environments.
2. **Resource Efficiency**: Utilizes resources more efficiently by running multiple isolated applications within containers on the same host.
3. **Speed**: Accelerates application deployment and scaling because containers can be quickly spun up or shut down as needed.
4. **Isolation**: Provides strong isolation between applications, reducing conflicts with system libraries and dependencies.
5. **Portability**: Allows easy transfer of applications and their dependencies between various environments (e.g., from developer laptops to cloud servers).

In essence, Docker simplifies the process of developing, deploying, and managing applications by providing a consistent environment for each component of your software stack.",11.363468647003174
